<mbean name="dcm4chee.web:service=WebConfig">
<attribute name="WebConfigPath"/>
<attribute name="dicomSecurityServletUrl"/>
<attribute name="WadoBaseURL"/>
<attribute name="RIDBaseURL"/>
<attribute name="arrURL"/>
<attribute name="WebviewerNames"/>
<attribute name="WebviewerBaseUrls"/>
<attribute name="PatientIDPattern"/>
<attribute name="IssuerOfPatientID"/>
<attribute name="DefaultLanguage"/>
<attribute name="ImageSOPClasses"/>
<attribute name="VideoSOPClasses"/>
<attribute name="WaveformSOPClasses"/>
<attribute name="SRSOPClasses"/>
<attribute name="PSSOPClasses"/>
<attribute name="EncapsulatedCUIDS"/>
<attribute name="RIDMimeTypes"/>
<attribute name="WindowSizeConfig"/>
<attribute name="Modalities"/>
<attribute name="AutoUpdateModalities"/>
<attribute name="aetTypes"/>
<attribute name="aeManagementDefault"/>
<attribute name="StationNames"/>
<attribute name="AutoUpdateStationNames"/>
<attribute name="AutoUpdateDicomRoles"/>
<attribute name="AutoExpandLevelChoices"/>
<attribute name="AutoWildcard"/>
<attribute name="Pagesizes"/>
<attribute name="DefaultFolderPagesize"/>
<attribute name="DefaultMWLPagesize"/>
<attribute name="QueryAfterPagesizeChange"/>
<attribute name="useFamilyAndGivenNameQueryFields"/>
<attribute name="DefaultHidePPS"/>
<attribute name="DefaultLatestStudiesFirst"/>
<attribute name="DefaultLatestMwlItemsFirst"/>
<attribute name="forcePatientExpandableForPatientQuery"/>
<attribute name="PresetStudyDate"/>
<attribute name="Mpps2mwlPresetPatientname"/>
<attribute name="Mpps2mwlPresetModality"/>
<attribute name="Mpps2mwlPresetStartDate"/>
<attribute name="Mpps2mwlAutoQuery"/>
<attribute name="TCForumIntegrationType"/>
<attribute name="TCSeriesDisplayFormat"/>
<attribute name="TCRestrictedSourceAETs"/>
<attribute name="TCEthnicGroups"/>
<attribute name="TCKeywordCataloguesPath"/>
<attribute name="TCKeywordCatalogues"/>
<attribute name="TCRestrictedAttributes"/>
<attribute name="TCEditOnDoubleClick"/>
<attribute name="TCShowImagesInDialog"/>
<attribute name="TCMultipleKeywordSearch"/>
<attribute name="TCMultipleKeywordORConcat"/>
<attribute name="ReadingRoom"/>
<attribute name="ShowDoneDialogAfterAction"/>
<attribute name="moveScuServiceName"/>
<attribute name="tcStoreScuServiceName"/>
<attribute name="aeServiceName"/>
<attribute name="echoServiceName"/>
<attribute name="contentEditServiceName"/>
<attribute name="storeBridgeServiceName"/>
<attribute name="mppsEmulatorServiceName"/>
<attribute name="mwlScuServiceName"/>
<attribute name="tarRetrieveServiceName"/>
<attribute name="mppsForwardServiceName"/>
<attribute name="UserMgtUserRole"/>
<attribute name="UserMgtAdminRole"/>
<attribute name="manageUsers"/>
<attribute name="manageStudyPermissions"/>
<attribute name="useStudyPermissions"/>
<attribute name="tooOldLimit"/>
<attribute name="ignoreEditTimeLimitRolename"/>
<attribute name="retentionTime"/>
<attribute name="emptyTrashInterval"/>
<attribute name="ZipEntryTemplate"/>
<attribute name="BufferSize"/>
<attribute name="trustPatientIdWithoutIssuer"/>
<attribute name="modalityFilter"/>
<attribute name="SearchWarningThreshold"/>
<attribute name="State"/>
</mbean>
